{
  "id": "2224602",
  "name": "bdzproject",
  "font_family": "iconfont",
  "css_prefix_text": "icon",
  "description": "",
  "glyphs": [
    {
      "icon_id": "593487",
      "name": "菜单",
      "font_class": "weibiaoti15",
      "unicode": "e621",
      "unicode_decimal": 58913
    },
    {
      "icon_id": "1037749",
      "name": "菜单",
      "font_class": "caidan",
      "unicode": "e62a",
      "unicode_decimal": 58922
    },
    {
      "icon_id": "1620821",
      "name": "主页",
      "font_class": "tubiao-",
      "unicode": "e623",
      "unicode_decimal": 58915
    },
    {
      "icon_id": "4236624",
      "name": "全屏",
      "font_class": "quanping",
      "unicode": "e607",
      "unicode_decimal": 58887
    },
    {
      "icon_id": "4736054",
      "name": "编辑",
      "font_class": "bianji",
      "unicode": "e60d",
      "unicode_decimal": 58893
    },
    {
      "icon_id": "7677938",
      "name": "设备",
      "font_class": "shebei",
      "unicode": "e617",
      "unicode_decimal": 58903
    },
    {
      "icon_id": "8870953",
      "name": "系统",
      "font_class": "xitong",
      "unicode": "e62c",
      "unicode_decimal": 58924
    },
    {
      "icon_id": "8949026",
      "name": "人员",
      "font_class": "renyuan",
      "unicode": "e65e",
      "unicode_decimal": 58974
    },
    {
      "icon_id": "9923738",
      "name": "区域管理",
      "font_class": "quyuguanli",
      "unicode": "e60e",
      "unicode_decimal": 58894
    },
    {
      "icon_id": "12686558",
      "name": "监控",
      "font_class": "icon_jiankong-",
      "unicode": "e63b",
      "unicode_decimal": 58939
    },
    {
      "icon_id": "13637014",
      "name": "删除",
      "font_class": "shanchu",
      "unicode": "e650",
      "unicode_decimal": 58960
    },
    {
      "icon_id": "14698909",
      "name": "报警",
      "font_class": "bj",
      "unicode": "e606",
      "unicode_decimal": 58886
    },
    {
      "icon_id": "15267750",
      "name": "报警",
      "font_class": "baojing",
      "unicode": "e608",
      "unicode_decimal": 58888
    },
    {
      "icon_id": "17544302",
      "name": "回到顶部",
      "font_class": "huidaodingbu",
      "unicode": "e6fd",
      "unicode_decimal": 59133
    },
    {
      "icon_id": "2778050",
      "name": "转移路线",
      "font_class": "zhuanyiluxian",
      "unicode": "e657",
      "unicode_decimal": 58967
    },
    {
      "icon_id": "8314485",
      "name": "轨迹 路线 导航",
      "font_class": "wulianwang-",
      "unicode": "e60b",
      "unicode_decimal": 58891
    },
    {
      "icon_id": "9626897",
      "name": "路线",
      "font_class": "luxian",
      "unicode": "e874",
      "unicode_decimal": 59508
    }
  ]
}
